FileId,Accepted,QCNotes
E-AFMX-9_1,N,Corrupt/Missing CEL
E-AFMX-9_2,N,Corrupt/Missing CEL
E-AFMX-9_208,N,Corrupt/Missing CEL
E-AFMX-9_209,N,Corrupt/Missing CEL
E-AFMX-9_210,N,Corrupt/Missing CEL
E-AFMX-9_214,N,Corrupt/Missing CEL
E-AFMX-9_215,N,Corrupt/Missing CEL
E-AFMX-9_216,N,Corrupt/Missing CEL
E-AFMX-9_226,N,Corrupt/Missing CEL
E-AFMX-9_227,N,Corrupt/Missing CEL
E-AFMX-9_228,N,Corrupt/Missing CEL
E-AFMX-9_3,N,Corrupt/Missing CEL
E-ATMX-24_1,Y,NA
E-ATMX-24_10,Y,NA
E-ATMX-24_11,N,Automatic QC Rejection
E-ATMX-24_12,Y,NA
E-ATMX-24_13,Y,NA
E-ATMX-24_14,N,Automatic QC Rejection
E-ATMX-24_15,Y,NA
E-ATMX-24_16,Y,NA
E-ATMX-24_17,Y,NA
E-ATMX-24_18,Y,NA
E-ATMX-24_2,Y,NA
E-ATMX-24_3,Y,NA
E-ATMX-24_4,Y,NA
E-ATMX-24_5,Y,NA
E-ATMX-24_6,Y,NA
E-ATMX-24_7,Y,NA
E-ATMX-24_8,Y,NA
E-ATMX-24_9,Y,NA
E-ATMX-28_1,Y,NA
E-ATMX-28_2,Y,NA
E-ATMX-28_3,Y,NA
E-ATMX-28_4,Y,NA
E-ATMX-31_7,Y,NA
E-ATMX-31_8,Y,NA
E-ATMX-31_9,Y,NA
E-MEXP-1100_1,Y,NA
E-MEXP-1100_2,Y,NA
E-MEXP-1100_3,Y,NA
E-MEXP-1100_4,Y,NA
E-MEXP-1100_5,Y,NA
E-MEXP-1100_6,Y,NA
E-MEXP-1329_1,Y,NA
E-MEXP-1329_2,Y,NA
E-MEXP-1329_3,Y,NA
E-MEXP-1329_4,Y,NA
E-MEXP-1329_5,Y,NA
E-MEXP-1329_6,Y,NA
E-MEXP-1329_7,Y,NA
E-MEXP-1329_8,Y,NA
E-MEXP-148_1,N,Corrupt/Missing CEL
E-MEXP-148_10,N,Corrupt/Missing CEL
E-MEXP-148_11,N,Manual Rejection
E-MEXP-148_12,N,Manual Rejection
E-MEXP-148_2,N,Manual Rejection
E-MEXP-148_3,N,Manual Rejection
E-MEXP-148_4,N,Corrupt/Missing CEL
E-MEXP-148_5,N,Manual Rejection
E-MEXP-148_6,N,Manual Rejection
E-MEXP-148_7,N,Manual Rejection
E-MEXP-148_8,N,Corrupt/Missing CEL
E-MEXP-148_9,N,Corrupt/Missing CEL
E-MEXP-1573_1,Y,NA
E-MEXP-1573_2,Y,NA
E-MEXP-1573_3,Y,NA
E-MEXP-1573_4,Y,NA
E-MEXP-1573_5,Y,NA
E-MEXP-1573_6,Y,NA
E-MEXP-1573_7,Y,NA
E-MEXP-1573_8,Y,NA
E-MEXP-1592_1,Y,NA
E-MEXP-1592_10,Y,NA
E-MEXP-1592_11,Y,NA
E-MEXP-1592_12,Y,NA
E-MEXP-1592_2,Y,NA
E-MEXP-1592_3,Y,NA
E-MEXP-1592_4,Y,NA
E-MEXP-1592_5,Y,NA
E-MEXP-1592_6,Y,NA
E-MEXP-1592_7,Y,NA
E-MEXP-1592_8,Y,NA
E-MEXP-1592_9,Y,NA
E-MEXP-1743_1,Y,NA
E-MEXP-1743_2,Y,NA
E-MEXP-1743_3,Y,NA
E-MEXP-1743_4,Y,NA
E-MEXP-1743_5,Y,NA
E-MEXP-1743_6,Y,NA
E-MEXP-2024_1,N,Corrupt/Missing CEL
E-MEXP-2041_1,Y,NA
E-MEXP-2041_10,Y,NA
E-MEXP-2041_11,Y,NA
E-MEXP-2041_12,Y,NA
E-MEXP-2041_13,Y,NA
E-MEXP-2041_14,Y,NA
E-MEXP-2041_15,Y,NA
E-MEXP-2041_16,Y,NA
E-MEXP-2041_2,Y,NA
E-MEXP-2041_3,Y,NA
E-MEXP-2041_4,Y,NA
E-MEXP-2041_5,Y,NA
E-MEXP-2041_6,Y,NA
E-MEXP-2041_7,Y,NA
E-MEXP-2041_8,Y,NA
E-MEXP-2041_9,Y,NA
E-MEXP-2258_1,Y,NA
E-MEXP-2258_10,Y,NA
E-MEXP-2258_11,Y,NA
E-MEXP-2258_12,Y,NA
E-MEXP-2258_13,Y,NA
E-MEXP-2258_14,Y,NA
E-MEXP-2258_15,Y,NA
E-MEXP-2258_16,Y,NA
E-MEXP-2258_17,Y,NA
E-MEXP-2258_18,Y,NA
E-MEXP-2258_19,Y,NA
E-MEXP-2258_2,Y,NA
E-MEXP-2258_20,Y,NA
E-MEXP-2258_21,Y,NA
E-MEXP-2258_22,Y,Manual Acceptance
E-MEXP-2258_23,Y,NA
E-MEXP-2258_24,Y,NA
E-MEXP-2258_3,Y,NA
E-MEXP-2258_4,Y,NA
E-MEXP-2258_5,Y,NA
E-MEXP-2258_6,Y,NA
E-MEXP-2258_7,Y,NA
E-MEXP-2258_8,Y,NA
E-MEXP-2258_9,Y,NA
E-MEXP-2499_1,Y,NA
E-MEXP-2499_10,N,Corrupt/Missing CEL
E-MEXP-2499_11,N,Corrupt/Missing CEL
E-MEXP-2499_12,N,Corrupt/Missing CEL
E-MEXP-2499_13,N,Corrupt/Missing CEL
E-MEXP-2499_14,Y,NA
E-MEXP-2499_15,N,Corrupt/Missing CEL
E-MEXP-2499_16,N,Corrupt/Missing CEL
E-MEXP-2499_17,N,Corrupt/Missing CEL
E-MEXP-2499_18,Y,NA
E-MEXP-2499_19,Y,NA
E-MEXP-2499_2,Y,NA
E-MEXP-2499_20,Y,NA
E-MEXP-2499_21,Y,NA
E-MEXP-2499_22,Y,NA
E-MEXP-2499_23,Y,NA
E-MEXP-2499_24,N,Manual Rejection
E-MEXP-2499_25,N,Manual Rejection
E-MEXP-2499_26,N,Manual Rejection
E-MEXP-2499_27,N,Automatic QC Rejection
E-MEXP-2499_28,N,Corrupt/Missing CEL
E-MEXP-2499_29,N,Corrupt/Missing CEL
E-MEXP-2499_3,Y,NA
E-MEXP-2499_30,N,Corrupt/Missing CEL
E-MEXP-2499_31,N,Corrupt/Missing CEL
E-MEXP-2499_32,N,Corrupt/Missing CEL
E-MEXP-2499_33,N,Corrupt/Missing CEL
E-MEXP-2499_34,Y,NA
E-MEXP-2499_35,Y,NA
E-MEXP-2499_36,Y,NA
E-MEXP-2499_4,Y,NA
E-MEXP-2499_40,Y,NA
E-MEXP-2499_41,Y,NA
E-MEXP-2499_42,Y,NA
E-MEXP-2499_43,Y,NA
E-MEXP-2499_44,Y,NA
E-MEXP-2499_45,Y,NA
E-MEXP-2499_46,Y,NA
E-MEXP-2499_48,N,Manual Rejection
E-MEXP-2499_49,N,Manual Rejection
E-MEXP-2499_5,Y,NA
E-MEXP-2499_50,N,Automatic QC Rejection
E-MEXP-2499_51,N,Automatic QC Rejection
E-MEXP-2499_6,Y,NA
E-MEXP-2499_7,Y,NA
E-MEXP-2499_8,Y,NA
E-MEXP-2499_9,Y,NA
E-MEXP-2639_1,N,Manual Rejection
E-MEXP-2639_2,Y,NA
E-MEXP-2639_3,Y,NA
E-MEXP-2639_4,Y,NA
E-MEXP-2639_5,Y,NA
E-MEXP-2639_6,N,Manual Rejection
E-MEXP-265_10,Y,NA
E-MEXP-265_11,Y,NA
E-MEXP-265_12,Y,NA
E-MEXP-265_13,Y,NA
E-MEXP-265_14,Y,NA
E-MEXP-265_15,Y,NA
E-MEXP-265_16,Y,NA
E-MEXP-265_17,Y,NA
E-MEXP-265_18,Y,NA
E-MEXP-265_7,Y,NA
E-MEXP-265_8,Y,NA
E-MEXP-265_9,Y,NA
E-MEXP-2760_1,Y,NA
E-MEXP-2760_10,Y,NA
E-MEXP-2760_11,Y,NA
E-MEXP-2760_12,Y,NA
E-MEXP-2760_13,Y,NA
E-MEXP-2760_14,Y,NA
E-MEXP-2760_15,Y,NA
E-MEXP-2760_16,Y,NA
E-MEXP-2760_17,Y,NA
E-MEXP-2760_18,Y,NA
E-MEXP-2760_2,Y,NA
E-MEXP-2760_3,Y,NA
E-MEXP-2760_4,Y,NA
E-MEXP-2760_5,Y,NA
E-MEXP-2760_6,Y,NA
E-MEXP-2760_7,Y,NA
E-MEXP-2760_8,Y,NA
E-MEXP-2760_9,Y,NA
E-MEXP-2792_1,Y,NA
E-MEXP-2792_2,Y,NA
E-MEXP-2792_3,Y,NA
E-MEXP-2792_4,Y,NA
E-MEXP-2792_5,Y,NA
E-MEXP-2792_6,N,Automatic QC Rejection
E-MEXP-2792_7,Y,NA
E-MEXP-2792_8,Y,NA
E-MEXP-2792_9,Y,NA
E-MEXP-300_1,Y,NA
E-MEXP-300_10,Y,NA
E-MEXP-300_11,Y,NA
E-MEXP-300_12,Y,NA
E-MEXP-300_13,Y,NA
E-MEXP-300_2,Y,NA
E-MEXP-300_3,Y,NA
E-MEXP-300_4,Y,NA
E-MEXP-300_5,Y,NA
E-MEXP-300_6,Y,NA
E-MEXP-300_7,Y,NA
E-MEXP-300_8,Y,NA
E-MEXP-300_9,Y,NA
E-MEXP-3465_1,Y,NA
E-MEXP-3465_10,Y,NA
E-MEXP-3465_2,Y,NA
E-MEXP-3465_3,Y,NA
E-MEXP-3465_4,Y,NA
E-MEXP-3465_5,Y,NA
E-MEXP-3465_6,Y,NA
E-MEXP-3465_7,Y,NA
E-MEXP-3465_8,Y,NA
E-MEXP-3465_9,Y,NA
E-MEXP-3680_1,Y,NA
E-MEXP-3680_2,Y,NA
E-MEXP-3680_3,Y,NA
E-MEXP-3680_4,Y,NA
E-MEXP-3680_5,Y,NA
E-MEXP-3680_6,Y,NA
E-MEXP-3680_7,Y,NA
E-MEXP-3680_8,Y,NA
E-MEXP-3680_9,Y,NA
E-MEXP-3726_1,Y,NA
E-MEXP-3726_10,Y,NA
E-MEXP-3726_11,Y,NA
E-MEXP-3726_12,Y,NA
E-MEXP-3726_13,Y,NA
E-MEXP-3726_14,Y,NA
E-MEXP-3726_15,Y,NA
E-MEXP-3726_16,Y,NA
E-MEXP-3726_2,Y,NA
E-MEXP-3726_3,N,Manual Rejection
E-MEXP-3726_4,Y,NA
E-MEXP-3726_5,Y,NA
E-MEXP-3726_6,Y,NA
E-MEXP-3726_7,Y,NA
E-MEXP-3726_8,N,Manual Rejection
E-MEXP-3726_9,Y,NA
E-MEXP-3727_1,Y,NA
E-MEXP-3727_2,Y,NA
E-MEXP-3727_3,Y,NA
E-MEXP-3727_4,Y,NA
E-MEXP-3727_5,Y,NA
E-MEXP-3727_6,Y,NA
E-MEXP-3727_7,Y,Manual Acceptance
E-MEXP-3727_8,Y,NA
E-MEXP-3754_10,Y,NA
E-MEXP-3754_11,Y,NA
E-MEXP-3754_12,Y,NA
E-MEXP-3754_13,Y,NA
E-MEXP-3754_14,Y,NA
E-MEXP-3754_15,Y,NA
E-MEXP-3754_16,Y,NA
E-MEXP-3754_17,Y,NA
E-MEXP-3754_18,Y,NA
E-MEXP-3754_19,Y,NA
E-MEXP-3754_20,Y,NA
E-MEXP-3754_21,Y,NA
E-MEXP-3754_22,Y,NA
E-MEXP-3754_23,Y,NA
E-MEXP-3754_24,Y,NA
E-MEXP-3754_25,Y,NA
E-MEXP-3754_26,Y,NA
E-MEXP-3754_27,Y,NA
E-MEXP-3754_28,Y,NA
E-MEXP-3754_29,Y,NA
E-MEXP-3754_3,Y,NA
E-MEXP-3754_30,Y,NA
E-MEXP-3754_31,Y,NA
E-MEXP-3754_32,Y,NA
E-MEXP-3754_33,Y,NA
E-MEXP-3754_34,Y,NA
E-MEXP-3754_35,Y,NA
E-MEXP-3754_36,Y,NA
E-MEXP-3754_4,Y,NA
E-MEXP-3754_5,Y,NA
E-MEXP-3754_6,Y,NA
E-MEXP-3754_7,Y,NA
E-MEXP-3754_8,Y,NA
E-MEXP-3754_9,Y,NA
E-MEXP-3781_1,Y,NA
E-MEXP-3781_2,Y,NA
E-MEXP-3781_3,Y,NA
E-MEXP-3781_4,Y,NA
E-MEXP-3781_5,Y,NA
E-MEXP-3781_6,Y,NA
E-MEXP-3915_1,Y,NA
E-MEXP-3915_2,Y,NA
E-MEXP-3915_3,Y,NA
E-MEXP-3915_4,Y,NA
E-MEXP-3915_5,Y,NA
E-MEXP-3915_6,Y,NA
E-MEXP-4001_1,Y,NA
E-MEXP-4001_10,Y,NA
E-MEXP-4001_11,Y,NA
E-MEXP-4001_12,Y,NA
E-MEXP-4001_13,Y,NA
E-MEXP-4001_14,Y,NA
E-MEXP-4001_15,Y,NA
E-MEXP-4001_16,Y,NA
E-MEXP-4001_17,Y,NA
E-MEXP-4001_18,Y,NA
E-MEXP-4001_19,Y,NA
E-MEXP-4001_2,Y,NA
E-MEXP-4001_20,Y,NA
E-MEXP-4001_21,Y,NA
E-MEXP-4001_22,Y,NA
E-MEXP-4001_23,Y,NA
E-MEXP-4001_24,N,Automatic QC Rejection
E-MEXP-4001_25,Y,NA
E-MEXP-4001_26,Y,NA
E-MEXP-4001_27,Y,NA
E-MEXP-4001_28,Y,NA
E-MEXP-4001_29,Y,NA
E-MEXP-4001_3,Y,NA
E-MEXP-4001_30,Y,NA
E-MEXP-4001_31,Y,NA
E-MEXP-4001_32,Y,NA
E-MEXP-4001_33,Y,NA
E-MEXP-4001_34,Y,NA
E-MEXP-4001_35,Y,NA
E-MEXP-4001_36,Y,NA
E-MEXP-4001_4,Y,NA
E-MEXP-4001_5,Y,NA
E-MEXP-4001_6,Y,NA
E-MEXP-4001_7,Y,NA
E-MEXP-4001_8,Y,NA
E-MEXP-4001_9,Y,NA
E-MEXP-469_1,N,Corrupt/Missing CEL
E-MEXP-469_2,N,Corrupt/Missing CEL
E-MEXP-469_3,N,Corrupt/Missing CEL
E-MEXP-469_4,N,Corrupt/Missing CEL
E-MEXP-469_5,N,Corrupt/Missing CEL
E-MEXP-469_6,N,Corrupt/Missing CEL
E-MEXP-502_1,Y,NA
E-MEXP-502_2,Y,NA
E-MEXP-502_3,Y,NA
E-MEXP-502_4,Y,NA
E-MEXP-502_5,Y,NA
E-MEXP-502_6,Y,NA
E-MEXP-728_1,Y,NA
E-MEXP-728_10,Y,NA
E-MEXP-728_11,Y,NA
E-MEXP-728_12,Y,NA
E-MEXP-728_13,Y,NA
E-MEXP-728_14,Y,NA
E-MEXP-728_15,Y,NA
E-MEXP-728_16,Y,NA
E-MEXP-728_17,Y,NA
E-MEXP-728_18,Y,NA
E-MEXP-728_19,Y,NA
E-MEXP-728_2,Y,NA
E-MEXP-728_20,Y,NA
E-MEXP-728_21,Y,NA
E-MEXP-728_22,Y,NA
E-MEXP-728_23,Y,NA
E-MEXP-728_24,Y,NA
E-MEXP-728_25,Y,NA
E-MEXP-728_26,Y,NA
E-MEXP-728_27,Y,NA
E-MEXP-728_28,Y,NA
E-MEXP-728_3,Y,NA
E-MEXP-728_4,Y,NA
E-MEXP-728_5,Y,NA
E-MEXP-728_6,Y,NA
E-MEXP-728_7,Y,NA
E-MEXP-728_8,Y,NA
E-MEXP-728_9,Y,NA
E-MTAB-1264_21,Y,NA
E-MTAB-1264_22,Y,NA
E-MTAB-1264_23,Y,NA
E-MTAB-1264_24,Y,NA
E-MTAB-1264_25,Y,NA
E-MTAB-1264_26,Y,NA
E-MTAB-1264_27,Y,NA
E-MTAB-1264_28,Y,NA
E-MTAB-1264_29,Y,NA
E-MTAB-1264_30,Y,NA
E-MTAB-1921_1,Y,NA
E-MTAB-1921_10,Y,NA
E-MTAB-1921_11,Y,NA
E-MTAB-1921_12,Y,NA
E-MTAB-1921_13,Y,NA
E-MTAB-1921_14,Y,NA
E-MTAB-1921_15,Y,NA
E-MTAB-1921_16,Y,NA
E-MTAB-1921_17,Y,Manual Acceptance
E-MTAB-1921_2,Y,NA
E-MTAB-1921_3,Y,NA
E-MTAB-1921_4,Y,Manual Acceptance
E-MTAB-1921_5,Y,Manual Acceptance
E-MTAB-1921_6,Y,Manual Acceptance
E-MTAB-1921_7,Y,NA
E-MTAB-1921_8,Y,NA
E-MTAB-1921_9,N,Manual Rejection
E-MTAB-3090_19,Y,NA
E-MTAB-3090_20,Y,NA
E-MTAB-3090_21,Y,NA
E-MTAB-3090_22,Y,NA
E-MTAB-3090_23,Y,NA
E-MTAB-3090_24,Y,NA
E-MTAB-3090_25,Y,NA
E-MTAB-3090_26,Y,NA
E-MTAB-3510_1,Y,NA
E-MTAB-3510_2,Y,NA
E-MTAB-3510_3,Y,NA
E-MTAB-3510_4,Y,NA
E-MTAB-3510_5,Y,NA
E-MTAB-3510_6,Y,NA
E-MTAB-5315_1,Y,NA
E-MTAB-5315_2,Y,NA
E-MTAB-5315_3,Y,NA
E-MTAB-5315_4,Y,NA
E-MTAB-5315_5,Y,NA
E-MTAB-5315_6,Y,NA
E-MTAB-542_1,Y,NA
E-MTAB-542_2,Y,NA
E-MTAB-542_3,Y,NA
E-MTAB-542_4,Y,NA
E-MTAB-542_5,Y,NA
E-MTAB-542_6,Y,NA
E-MTAB-542_7,Y,NA
E-MTAB-542_8,Y,NA
E-MTAB-5980_1,Y,NA
E-MTAB-5980_2,Y,NA
E-MTAB-5980_3,Y,NA
E-MTAB-5980_4,Y,NA
E-MTAB-5980_5,Y,NA
E-MTAB-5980_6,Y,NA
E-MTAB-6123_1,Y,NA
E-MTAB-6123_10,Y,NA
E-MTAB-6123_11,Y,NA
E-MTAB-6123_12,Y,NA
E-MTAB-6123_13,Y,NA
E-MTAB-6123_14,Y,NA
E-MTAB-6123_15,Y,NA
E-MTAB-6123_16,Y,NA
E-MTAB-6123_17,Y,NA
E-MTAB-6123_18,Y,NA
E-MTAB-6123_19,Y,NA
E-MTAB-6123_2,Y,NA
E-MTAB-6123_20,Y,NA
E-MTAB-6123_21,Y,NA
E-MTAB-6123_22,Y,NA
E-MTAB-6123_23,Y,NA
E-MTAB-6123_24,Y,NA
E-MTAB-6123_25,Y,NA
E-MTAB-6123_26,Y,NA
E-MTAB-6123_27,Y,NA
E-MTAB-6123_28,Y,NA
E-MTAB-6123_29,Y,NA
E-MTAB-6123_3,Y,NA
E-MTAB-6123_30,Y,NA
E-MTAB-6123_4,Y,NA
E-MTAB-6123_5,Y,NA
E-MTAB-6123_6,Y,NA
E-MTAB-6123_7,Y,NA
E-MTAB-6123_8,Y,NA
E-MTAB-6123_9,Y,NA
E-MTAB-6786_1,Y,NA
E-MTAB-6786_10,Y,Manual Acceptance
E-MTAB-6786_11,Y,NA
E-MTAB-6786_12,Y,NA
E-MTAB-6786_2,Y,NA
E-MTAB-6786_3,Y,NA
E-MTAB-6786_4,Y,NA
E-MTAB-6786_5,Y,Manual Acceptance
E-MTAB-6786_6,Y,NA
E-MTAB-6786_7,Y,NA
E-MTAB-6786_8,Y,NA
E-MTAB-6786_9,Y,NA
E-TABM-17_157,Y,NA
E-TABM-17_158,Y,NA
E-TABM-17_159,Y,NA
E-TABM-17_160,Y,NA
E-TABM-17_161,Y,NA
E-TABM-17_162,Y,NA
E-TABM-17_223,Y,NA
E-TABM-17_224,Y,NA
E-TABM-17_225,Y,NA
E-TABM-17_232,Y,NA
E-TABM-17_233,Y,NA
E-TABM-17_234,Y,NA
E-TABM-17_235,Y,NA
E-TABM-17_236,Y,NA
E-TABM-17_237,Y,NA
E-TABM-17_64,Y,NA
E-TABM-17_65,Y,NA
E-TABM-17_66,Y,NA
E-TABM-17_67,Y,NA
E-TABM-17_68,Y,NA
E-TABM-17_69,Y,NA
E-TABM-19_1,Y,NA
E-TABM-19_10,Y,NA
E-TABM-19_11,Y,NA
E-TABM-19_12,Y,NA
E-TABM-19_13,Y,NA
E-TABM-19_14,Y,NA
E-TABM-19_15,Y,NA
E-TABM-19_16,Y,NA
E-TABM-19_17,Y,NA
E-TABM-19_18,Y,NA
E-TABM-19_19,Y,NA
E-TABM-19_2,Y,NA
E-TABM-19_20,Y,NA
E-TABM-19_21,Y,NA
E-TABM-19_22,Y,NA
E-TABM-19_23,Y,NA
E-TABM-19_24,Y,NA
E-TABM-19_25,Y,NA
E-TABM-19_26,Y,NA
E-TABM-19_27,Y,NA
E-TABM-19_28,Y,NA
E-TABM-19_29,Y,NA
E-TABM-19_3,Y,NA
E-TABM-19_30,Y,NA
E-TABM-19_31,Y,NA
E-TABM-19_32,Y,NA
E-TABM-19_33,Y,NA
E-TABM-19_34,Y,NA
E-TABM-19_35,Y,NA
E-TABM-19_36,Y,NA
E-TABM-19_4,Y,NA
E-TABM-19_5,Y,NA
E-TABM-19_6,Y,NA
E-TABM-19_7,Y,NA
E-TABM-19_8,Y,NA
E-TABM-19_9,Y,NA
E-TABM-566_1,Y,NA
E-TABM-566_2,Y,NA
E-TABM-566_3,Y,NA
E-TABM-566_4,Y,NA
E-TABM-566_5,Y,NA
E-TABM-566_6,Y,NA
GSE100903_GSM2695882,Y,NA
GSE100903_GSM2695883,Y,NA
GSE100903_GSM2695884,Y,NA
GSE100903_GSM2695885,Y,NA
GSE100903_GSM2695886,Y,NA
GSE100903_GSM2695887,Y,NA
GSE100903_GSM2695888,Y,NA
GSE100903_GSM2695889,Y,NA
GSE100903_GSM2695890,Y,NA
GSE100903_GSM2695891,Y,NA
GSE100903_GSM2695892,Y,NA
GSE100903_GSM2695893,Y,NA
GSE100903_GSM2695894,Y,NA
GSE100903_GSM2695895,Y,NA
GSE100903_GSM2695896,Y,NA
GSE10247_GSM257998,Y,NA
GSE10247_GSM258000,Y,NA
GSE10247_GSM258001,Y,NA
GSE103117_GSM2753983,Y,NA
GSE103117_GSM2753984,Y,NA
GSE103117_GSM2753985,Y,NA
GSE103117_GSM2753986,Y,NA
GSE103117_GSM2753987,Y,NA
GSE103117_GSM2753988,Y,NA
GSE103117_GSM2753989,Y,NA
GSE103117_GSM2753990,Y,NA
GSE103117_GSM2753991,Y,NA
GSE103117_GSM2753992,Y,NA
GSE103117_GSM2753993,Y,NA
GSE103117_GSM2753994,Y,NA
GSE10324_GSM260884,N,Corrupt/Missing CEL
GSE10324_GSM260885,N,Corrupt/Missing CEL
GSE106691_GSM2845476,Y,NA
GSE106691_GSM2845477,Y,NA
GSE106691_GSM2845478,Y,NA
GSE106691_GSM2845479,Y,NA
GSE106691_GSM2845480,Y,NA
GSE106691_GSM2845481,Y,NA
GSE106691_GSM2845482,Y,NA
GSE106691_GSM2845483,Y,NA
GSE11762_GSM297894,Y,NA
GSE11762_GSM297895,Y,NA
GSE11762_GSM297896,Y,NA
GSE11762_GSM297897,Y,NA
GSE12551_GSM315453,Y,NA
GSE12551_GSM315454,Y,NA
GSE12551_GSM315455,Y,NA
GSE12551_GSM315456,Y,NA
GSE12551_GSM315457,Y,NA
GSE12551_GSM315458,Y,NA
GSE12551_GSM315459,Y,NA
GSE12551_GSM315460,Y,NA
GSE12551_GSM315461,Y,NA
GSE12551_GSM315462,Y,NA
GSE12551_GSM315463,Y,NA
GSE12551_GSM315464,Y,NA
GSE12551_GSM315465,Y,Manual Acceptance
GSE12551_GSM315466,N,Automatic QC Rejection
GSE12551_GSM315467,N,Automatic QC Rejection
GSE12551_GSM315468,Y,NA
GSE12551_GSM315469,N,Automatic QC Rejection
GSE12551_GSM315470,N,Automatic QC Rejection
GSE12551_GSM315471,Y,NA
GSE12551_GSM315472,Y,NA
GSE12551_GSM315473,Y,NA
GSE12551_GSM315474,Y,NA
GSE12676_GSM317519,Y,NA
GSE12676_GSM317526,Y,NA
GSE12676_GSM317619,Y,NA
GSE12676_GSM317624,Y,NA
GSE12676_GSM318330,Y,NA
GSE12676_GSM318331,Y,NA
GSE12676_GSM318332,Y,NA
GSE12676_GSM318345,Y,NA
GSE12691_GSM318618,Y,NA
GSE12691_GSM318619,Y,NA
GSE12691_GSM318620,Y,NA
GSE12691_GSM318621,Y,NA
GSE12691_GSM318622,Y,NA
GSE12691_GSM318623,Y,NA
GSE12691_GSM318624,Y,NA
GSE12691_GSM318625,Y,NA
GSE12691_GSM318626,Y,NA
GSE12691_GSM318627,Y,NA
GSE12911_GSM324018,Y,NA
GSE12911_GSM324019,Y,NA
GSE12911_GSM324020,Y,NA
GSE13596_GSM342135,Y,NA
GSE13596_GSM342136,Y,NA
GSE13596_GSM342137,Y,NA
GSE13596_GSM342138,Y,NA
GSE13596_GSM342139,Y,NA
GSE13596_GSM342140,Y,NA
GSE13596_GSM342141,Y,NA
GSE13596_GSM342142,Y,NA
GSE13596_GSM342143,Y,NA
GSE13596_GSM342144,Y,NA
GSE13596_GSM342145,Y,NA
GSE13596_GSM342146,Y,NA
GSE13596_GSM342147,Y,NA
GSE13596_GSM342148,Y,NA
GSE13596_GSM342149,Y,NA
GSE13833_GSM347944,Y,NA
GSE13833_GSM347945,Y,NA
GSE13833_GSM347946,Y,NA
GSE13833_GSM347957,Y,NA
GSE13833_GSM347958,Y,NA
GSE13833_GSM347959,Y,NA
GSE13833_GSM347960,Y,NA
GSE13833_GSM347961,Y,NA
GSE13833_GSM347962,Y,NA
GSE13833_GSM347963,Y,NA
GSE13833_GSM347964,Y,NA
GSE13833_GSM347965,N,Manual Rejection
GSE13833_GSM347966,Y,NA
GSE13833_GSM347967,Y,NA
GSE13833_GSM347983,Y,NA
GSE13833_GSM347984,Y,NA
GSE13833_GSM347985,Y,NA
GSE13833_GSM347987,Y,NA
GSE13833_GSM347988,Y,NA
GSE13833_GSM347989,Y,NA
GSE13833_GSM347990,Y,NA
GSE13833_GSM347992,Y,NA
GSE13833_GSM347993,Y,NA
GSE13833_GSM347995,Y,NA
GSE14091_GSM353584,Y,NA
GSE14091_GSM353585,Y,NA
GSE14091_GSM353586,Y,NA
GSE14091_GSM353587,Y,NA
GSE14091_GSM353588,Y,NA
GSE14091_GSM353589,Y,NA
GSE14091_GSM353590,Y,NA
GSE14091_GSM353591,Y,NA
GSE14091_GSM353592,N,Automatic QC Rejection
GSE14091_GSM353593,Y,NA
GSE14646_GSM361163,Y,NA
GSE14646_GSM363537,Y,NA
GSE14646_GSM363538,Y,NA
GSE14646_GSM363539,Y,NA
GSE14646_GSM363540,Y,NA
GSE14646_GSM363541,Y,NA
GSE14646_GSM363542,Y,NA
GSE14646_GSM363543,Y,NA
GSE14646_GSM363544,Y,NA
GSE14646_GSM363545,Y,NA
GSE14646_GSM363546,Y,NA
GSE14646_GSM363547,Y,NA
GSE14663_GSM361163,N,Duplicate Sample
GSE14663_GSM363537,N,Duplicate Sample
GSE14663_GSM363538,N,Duplicate Sample
GSE14663_GSM363539,N,Duplicate Sample
GSE14663_GSM363540,N,Duplicate Sample
GSE14663_GSM363541,N,Duplicate Sample
GSE14663_GSM363542,N,Duplicate Sample
GSE14663_GSM363543,N,Duplicate Sample
GSE14663_GSM363544,N,Duplicate Sample
GSE14663_GSM363545,N,Duplicate Sample
GSE14663_GSM363546,N,Duplicate Sample
GSE14663_GSM363547,N,Duplicate Sample
GSE15617_GSM131652,N,Duplicate Sample
GSE15617_GSM131653,N,Duplicate Sample
GSE15617_GSM131654,N,Duplicate Sample
GSE15617_GSM131655,N,Duplicate Sample
GSE15617_GSM131656,N,Duplicate Sample
GSE15617_GSM131657,N,Duplicate Sample
GSE15617_GSM131658,N,Duplicate Sample
GSE15617_GSM131659,N,Duplicate Sample
GSE15617_GSM131660,N,Duplicate Sample
GSE16061_GSM402170,Y,NA
GSE16061_GSM402171,Y,NA
GSE16061_GSM402172,Y,NA
GSE16061_GSM402173,Y,NA
GSE16061_GSM402174,Y,NA
GSE16061_GSM402175,Y,NA
GSE16061_GSM402176,Y,NA
GSE16061_GSM402177,Y,NA
GSE16722_GSM419025,Y,NA
GSE16722_GSM419026,Y,NA
GSE16722_GSM419027,Y,NA
GSE16722_GSM419028,Y,NA
GSE16722_GSM419029,Y,NA
GSE16722_GSM419030,Y,NA
GSE16722_GSM419037,Y,NA
GSE16722_GSM419038,Y,NA
GSE16722_GSM419039,Y,NA
GSE16722_GSM419043,Y,NA
GSE16722_GSM419044,Y,NA
GSE16722_GSM419045,Y,NA
GSE17610_GSM439767,Y,NA
GSE17610_GSM439768,Y,NA
GSE17610_GSM439769,Y,NA
GSE17610_GSM439770,Y,NA
GSE17610_GSM439771,Y,NA
GSE17610_GSM439772,Y,NA
GSE17610_GSM439773,Y,NA
GSE17610_GSM439774,Y,NA
GSE17610_GSM439775,Y,NA
GSE17742_GSM439767,N,Duplicate Sample
GSE17742_GSM439768,N,Duplicate Sample
GSE17742_GSM439769,N,Duplicate Sample
GSE17742_GSM439770,N,Duplicate Sample
GSE17742_GSM439771,N,Duplicate Sample
GSE17742_GSM439772,N,Duplicate Sample
GSE17742_GSM439773,N,Duplicate Sample
GSE17742_GSM439774,N,Duplicate Sample
GSE17742_GSM439775,N,Duplicate Sample
GSE18329_GSM457641,Y,NA
GSE18329_GSM457642,Y,NA
GSE18329_GSM457643,Y,NA
GSE18329_GSM457644,Y,NA
GSE18329_GSM457645,Y,NA
GSE18329_GSM457646,Y,NA
GSE18329_GSM457647,Y,NA
GSE18329_GSM457648,Y,NA
GSE18329_GSM457649,Y,NA
GSE18329_GSM457650,Y,NA
GSE18329_GSM457651,Y,NA
GSE18329_GSM457652,Y,NA
GSE18329_GSM457653,Y,NA
GSE18329_GSM457654,Y,NA
GSE18329_GSM457655,Y,NA
GSE18329_GSM457656,Y,NA
GSE18329_GSM457657,Y,NA
GSE18329_GSM457658,Y,NA
GSE18417_GSM459068,Y,NA
GSE18417_GSM459069,Y,NA
GSE18417_GSM459070,Y,NA
GSE18417_GSM459071,Y,NA
GSE18808_GSM586328,Y,NA
GSE18808_GSM586329,Y,NA
GSE18808_GSM586330,Y,NA
GSE18808_GSM586331,Y,NA
GSE18808_GSM586332,Y,NA
GSE18808_GSM586333,Y,NA
GSE18984_GSM469821,Y,NA
GSE18984_GSM469822,Y,NA
GSE18984_GSM469823,Y,NA
GSE18984_GSM469824,Y,NA
GSE18987_GSM469850,N,Corrupt/Missing CEL
GSE18987_GSM469851,N,Corrupt/Missing CEL
GSE18987_GSM469852,N,Corrupt/Missing CEL
GSE18987_GSM469853,N,Corrupt/Missing CEL
GSE19245_GSM476830,Y,NA
GSE19245_GSM476831,Y,NA
GSE19245_GSM476832,Y,NA
GSE19245_GSM476836,Y,NA
GSE19245_GSM476837,Y,NA
GSE19245_GSM476838,Y,NA
GSE19245_GSM476842,Y,NA
GSE19245_GSM476843,Y,NA
GSE19245_GSM476844,Y,NA
GSE19245_GSM476848,Y,NA
GSE19245_GSM476849,Y,NA
GSE19245_GSM476850,Y,NA
GSE19254_GSM477820,Y,NA
GSE19254_GSM477821,N,Manual Rejection
GSE19254_GSM477822,Y,NA
GSE19254_GSM477823,N,Manual Rejection
GSE19261_GSM477896,Y,NA
GSE19261_GSM477897,N,Automatic QC Rejection
GSE19261_GSM477898,Y,NA
GSE19261_GSM477899,Y,NA
GSE19261_GSM477900,Y,NA
GSE19261_GSM477901,Y,NA
GSE19261_GSM477902,Y,NA
GSE19261_GSM477903,Y,NA
GSE19261_GSM477904,Y,NA
GSE19261_GSM477905,Y,NA
GSE19262_GSM477912,Y,NA
GSE19262_GSM477913,Y,NA
GSE19603_GSM489002,Y,NA
GSE19603_GSM489003,Y,NA
GSE19603_GSM489004,Y,NA
GSE19603_GSM489005,Y,NA
GSE19603_GSM489006,Y,NA
GSE19603_GSM489007,Y,NA
GSE19603_GSM489008,Y,NA
GSE19603_GSM489009,Y,NA
GSE19603_GSM489010,Y,NA
GSE19603_GSM489011,Y,NA
GSE19603_GSM489012,Y,NA
GSE19603_GSM489013,Y,NA
GSE2079_GSM37639,N,Corrupt/Missing CEL
GSE2079_GSM37640,N,Corrupt/Missing CEL
GSE2079_GSM37641,N,Corrupt/Missing CEL
GSE2079_GSM37642,N,Corrupt/Missing CEL
GSE2079_GSM37643,N,Corrupt/Missing CEL
GSE2079_GSM37644,N,Corrupt/Missing CEL
GSE22947_GSM566554,Y,NA
GSE22947_GSM566555,N,Automatic QC Rejection
GSE22947_GSM566556,N,Automatic QC Rejection
GSE22947_GSM566557,Y,NA
GSE22947_GSM566558,Y,NA
GSE22947_GSM566559,N,Automatic QC Rejection
GSE22947_GSM566560,Y,NA
GSE22947_GSM566561,Y,NA
GSE22947_GSM566562,Y,NA
GSE22947_GSM566563,N,Manual Rejection
GSE22947_GSM566564,Y,NA
GSE22947_GSM566565,N,Manual Rejection
GSE22947_GSM566566,Y,NA
GSE22947_GSM566567,Y,NA
GSE22947_GSM566568,Y,NA
GSE22947_GSM566569,Y,NA
GSE22947_GSM566570,Y,NA
GSE22947_GSM566571,N,Manual Rejection
GSE22947_GSM566572,N,Manual Rejection
GSE22947_GSM566573,N,Manual Rejection
GSE22947_GSM566574,Y,NA
GSE22947_GSM566575,N,Manual Rejection
GSE22947_GSM566576,Y,NA
GSE22947_GSM566577,N,Manual Rejection
GSE22951_GSM566614,Y,NA
GSE22951_GSM566615,Y,NA
GSE22951_GSM566616,Y,NA
GSE22951_GSM566617,Y,NA
GSE22951_GSM566618,Y,NA
GSE22951_GSM566619,Y,NA
GSE22951_GSM566620,Y,NA
GSE22951_GSM566621,Y,NA
GSE22951_GSM566622,Y,NA
GSE22951_GSM566623,Y,NA
GSE22951_GSM566624,Y,NA
GSE22951_GSM566625,Y,NA
GSE22951_GSM566626,Y,NA
GSE22951_GSM566627,Y,NA
GSE22951_GSM566628,Y,NA
GSE22951_GSM566629,Y,NA
GSE22951_GSM566630,Y,NA
GSE22951_GSM566631,Y,NA
GSE23801_GSM587036,Y,NA
GSE23801_GSM587037,Y,NA
GSE23940_GSM590019,Y,Manual Acceptance
GSE23940_GSM590020,Y,NA
GSE23940_GSM590021,Y,NA
GSE23940_GSM590022,Y,NA
GSE23940_GSM590023,Y,NA
GSE23940_GSM590024,Y,NA
GSE24077_GSM592096,Y,NA
GSE24077_GSM592097,Y,NA
GSE24077_GSM592098,Y,NA
GSE24077_GSM592099,Y,NA
GSE24077_GSM592100,Y,NA
GSE24077_GSM592101,Y,NA
GSE24077_GSM592102,Y,NA
GSE24077_GSM592103,Y,NA
GSE24077_GSM592104,Y,NA
GSE24077_GSM592105,Y,NA
GSE24214_GSM595546,Y,NA
GSE24214_GSM595547,Y,NA
GSE24214_GSM595548,Y,NA
GSE24214_GSM595549,Y,NA
GSE24214_GSM595550,N,Automatic QC Rejection
GSE24214_GSM595551,Y,NA
GSE24214_GSM595552,Y,NA
GSE24214_GSM595553,Y,NA
GSE24214_GSM595554,Y,NA
GSE24763_GSM609886,Y,NA
GSE24763_GSM609887,Y,NA
GSE24763_GSM609888,Y,NA
GSE24763_GSM609889,Y,NA
GSE24763_GSM609890,Y,NA
GSE24763_GSM609891,Y,NA
GSE24781_GSM610374,Y,NA
GSE24781_GSM610375,Y,NA
GSE24781_GSM610376,Y,NA
GSE24781_GSM610377,Y,NA
GSE24781_GSM610378,Y,NA
GSE24781_GSM610379,Y,NA
GSE24781_GSM610380,Y,NA
GSE24781_GSM610381,Y,NA
GSE24781_GSM610382,Y,NA
GSE24781_GSM610383,Y,NA
GSE24781_GSM610384,Y,NA
GSE24781_GSM610385,Y,NA
GSE26848_GSM660707,Y,NA
GSE26848_GSM660708,Y,NA
GSE26848_GSM660709,Y,NA
GSE26848_GSM660710,Y,NA
GSE26848_GSM660711,Y,NA
GSE26848_GSM660712,Y,NA
GSE26848_GSM660713,Y,NA
GSE26848_GSM660714,Y,NA
GSE26848_GSM660715,Y,NA
GSE26848_GSM660716,Y,NA
GSE26848_GSM660717,Y,NA
GSE26848_GSM660718,Y,NA
GSE27855_GSM687588,Y,NA
GSE27855_GSM687589,Y,NA
GSE27855_GSM687590,Y,NA
GSE27855_GSM687591,Y,NA
GSE27855_GSM687592,Y,NA
GSE27855_GSM687593,Y,NA
GSE28062_GSM694047,Y,NA
GSE28062_GSM694048,Y,NA
GSE28062_GSM694049,Y,NA
GSE28062_GSM694050,Y,NA
GSE28062_GSM694051,Y,NA
GSE28062_GSM694052,Y,NA
GSE28062_GSM694053,Y,NA
GSE28062_GSM694054,Y,NA
GSE28063_GSM694047,N,Duplicate Sample
GSE28063_GSM694048,N,Duplicate Sample
GSE28063_GSM694049,N,Duplicate Sample
GSE28063_GSM694050,N,Duplicate Sample
GSE28063_GSM694051,N,Duplicate Sample
GSE28063_GSM694052,N,Duplicate Sample
GSE28063_GSM694053,N,Duplicate Sample
GSE28063_GSM694054,N,Duplicate Sample
GSE28109_GSM706470,Y,NA
GSE28109_GSM706471,Y,NA
GSE28109_GSM706472,Y,NA
GSE28109_GSM706473,Y,NA
GSE28109_GSM706474,Y,NA
GSE28109_GSM706475,Y,NA
GSE28109_GSM706476,Y,NA
GSE28109_GSM706477,Y,NA
GSE28109_GSM706478,Y,NA
GSE28109_GSM706479,Y,NA
GSE28109_GSM706480,Y,NA
GSE28109_GSM706481,Y,NA
GSE28109_GSM706482,Y,NA
GSE28109_GSM706483,Y,NA
GSE28109_GSM706484,Y,NA
GSE28109_GSM706485,Y,NA
GSE28109_GSM706486,Y,NA
GSE28109_GSM706487,Y,NA
GSE28109_GSM706488,Y,NA
GSE2848_GSM62697,Y,NA
GSE2848_GSM62701,Y,NA
GSE2848_GSM62705,Y,NA
GSE29364_GSM725893,Y,NA
GSE29364_GSM725894,Y,NA
GSE29364_GSM725895,Y,NA
GSE29364_GSM725896,Y,NA
GSE29364_GSM725897,Y,NA
GSE29364_GSM725898,Y,NA
GSE29364_GSM725899,Y,NA
GSE29364_GSM725900,Y,NA
GSE29364_GSM725901,Y,NA
GSE29364_GSM725902,Y,NA
GSE29364_GSM725903,Y,NA
GSE29364_GSM725904,Y,NA
GSE30092_GSM744702,Y,NA
GSE30092_GSM744703,Y,NA
GSE30092_GSM744704,Y,NA
GSE30092_GSM744705,Y,NA
GSE30092_GSM744706,Y,NA
GSE30092_GSM744707,Y,NA
GSE30092_GSM744708,Y,NA
GSE30092_GSM744709,Y,NA
GSE30092_GSM744710,Y,NA
GSE30094_GSM744702,N,Duplicate Sample
GSE30094_GSM744703,N,Duplicate Sample
GSE30094_GSM744704,N,Duplicate Sample
GSE30094_GSM744705,N,Duplicate Sample
GSE30094_GSM744706,N,Duplicate Sample
GSE30094_GSM744707,N,Duplicate Sample
GSE30094_GSM744708,N,Duplicate Sample
GSE30094_GSM744709,N,Duplicate Sample
GSE30094_GSM744710,N,Duplicate Sample
GSE30281_GSM750306,Y,NA
GSE30281_GSM750307,Y,NA
GSE30281_GSM750308,Y,NA
GSE30281_GSM750309,Y,NA
GSE30281_GSM750310,Y,NA
GSE30281_GSM750311,Y,NA
GSE31158_GSM771375,Y,NA
GSE31158_GSM771376,Y,NA
GSE31158_GSM771379,Y,NA
GSE31158_GSM771380,Y,NA
GSE31158_GSM771383,Y,NA
GSE31158_GSM771384,Y,NA
GSE31158_GSM771387,Y,NA
GSE31158_GSM771388,Y,NA
GSE31158_GSM771391,Y,NA
GSE31158_GSM771392,Y,NA
GSE31158_GSM771396,Y,NA
GSE31158_GSM771397,Y,NA
GSE35893_GSM877105,Y,NA
GSE35893_GSM877106,Y,NA
GSE35893_GSM877107,Y,NA
GSE35893_GSM877108,Y,NA
GSE35893_GSM877109,Y,NA
GSE35893_GSM877110,Y,NA
GSE35893_GSM877111,Y,NA
GSE35893_GSM877112,Y,NA
GSE35893_GSM877113,Y,NA
GSE36721_GSM899743,Y,NA
GSE36721_GSM899744,Y,NA
GSE36721_GSM899745,Y,NA
GSE36721_GSM899746,Y,NA
GSE36721_GSM899747,Y,NA
GSE36721_GSM899748,Y,NA
GSE37921_GSM929932,Y,NA
GSE37921_GSM929933,Y,NA
GSE37921_GSM929934,Y,NA
GSE37921_GSM929935,Y,NA
GSE37921_GSM929936,Y,NA
GSE37921_GSM929937,Y,NA
GSE37921_GSM929938,Y,NA
GSE37921_GSM929939,Y,NA
GSE37921_GSM929940,Y,NA
GSE38102_GSM934608,Y,NA
GSE38102_GSM934609,Y,NA
GSE38102_GSM934610,N,Manual Rejection
GSE38102_GSM934611,Y,NA
GSE40076_GSM984719,Y,NA
GSE40076_GSM984720,Y,NA
GSE40076_GSM984721,Y,NA
GSE40076_GSM984722,Y,NA
GSE40076_GSM984723,Y,NA
GSE40076_GSM984724,Y,NA
GSE40076_GSM984725,Y,NA
GSE40076_GSM984726,Y,NA
GSE40076_GSM984727,Y,NA
GSE40076_GSM984728,Y,NA
GSE40076_GSM984729,Y,NA
GSE40076_GSM984730,Y,NA
GSE4062_GSM92823,N,Corrupt/Missing CEL
GSE4062_GSM92824,N,Corrupt/Missing CEL
GSE4062_GSM92825,N,Corrupt/Missing CEL
GSE4062_GSM92826,N,Corrupt/Missing CEL
GSE4062_GSM92827,N,Corrupt/Missing CEL
GSE4062_GSM92828,N,Corrupt/Missing CEL
GSE4062_GSM92829,N,Corrupt/Missing CEL
GSE4062_GSM92830,N,Corrupt/Missing CEL
GSE42415_GSM1039619,Y,NA
GSE42415_GSM1039620,Y,NA
GSE42415_GSM1039621,Y,NA
GSE42415_GSM1039622,Y,NA
GSE42415_GSM1039623,Y,NA
GSE42415_GSM1039624,Y,NA
GSE42415_GSM1039625,Y,NA
GSE42415_GSM1039626,Y,NA
GSE42415_GSM1039627,Y,NA
GSE42415_GSM1039628,Y,NA
GSE42415_GSM1039629,Y,NA
GSE42415_GSM1039630,Y,NA
GSE43818_GSM1071668,Y,NA
GSE43818_GSM1071669,Y,NA
GSE43818_GSM1071670,Y,NA
GSE43818_GSM1071671,Y,NA
GSE43818_GSM1071672,Y,NA
GSE43818_GSM1071673,Y,NA
GSE43818_GSM1071674,Y,NA
GSE43818_GSM1071675,Y,NA
GSE43818_GSM1071676,Y,NA
GSE43818_GSM1071677,Y,NA
GSE43818_GSM1071678,Y,NA
GSE43818_GSM1071679,Y,NA
GSE43818_GSM1071680,Y,NA
GSE43818_GSM1071681,Y,NA
GSE43818_GSM1071682,Y,NA
GSE43818_GSM1071683,Y,NA
GSE43818_GSM1071684,Y,NA
GSE43818_GSM1071685,Y,NA
GSE43818_GSM1071686,Y,NA
GSE43818_GSM1071687,Y,NA
GSE43818_GSM1071688,Y,NA
GSE43819_GSM1071689,Y,NA
GSE43819_GSM1071690,Y,NA
GSE43819_GSM1071691,Y,NA
GSE43819_GSM1071692,Y,NA
GSE43819_GSM1071693,Y,NA
GSE43819_GSM1071694,Y,NA
GSE43819_GSM1071695,Y,NA
GSE43819_GSM1071696,Y,NA
GSE43819_GSM1071697,Y,NA
GSE43819_GSM1071698,Y,NA
GSE43819_GSM1071699,Y,NA
GSE43819_GSM1071700,Y,NA
GSE43993_GSM1076158,Y,NA
GSE43993_GSM1076159,Y,NA
GSE43993_GSM1076160,Y,NA
GSE43993_GSM1076161,Y,NA
GSE43993_GSM1076162,Y,NA
GSE43993_GSM1076163,N,Automatic QC Rejection
GSE44028_GSM1077006,Y,NA
GSE44028_GSM1077007,Y,NA
GSE44028_GSM1077008,Y,NA
GSE44028_GSM1077009,Y,NA
GSE44781_GSM1091679,Y,NA
GSE44781_GSM1091680,Y,NA
GSE44781_GSM1091681,Y,NA
GSE44781_GSM1091682,Y,NA
GSE44781_GSM1091683,Y,NA
GSE46661_GSM1133640,Y,NA
GSE46661_GSM1133641,Y,NA
GSE46661_GSM1133642,Y,NA
GSE46661_GSM1133643,Y,NA
GSE51215_GSM1240597,Y,NA
GSE51215_GSM1240598,Y,NA
GSE51215_GSM1240599,Y,NA
GSE51215_GSM1240600,Y,NA
GSE51215_GSM1240601,Y,NA
GSE51215_GSM1240602,Y,NA
GSE51215_GSM1240603,Y,NA
GSE51215_GSM1240604,Y,NA
GSE51215_GSM1240605,Y,NA
GSE51215_GSM1240606,Y,NA
GSE51215_GSM1240607,Y,NA
GSE51215_GSM1240608,Y,NA
GSE51215_GSM1240609,Y,NA
GSE51215_GSM1240610,Y,NA
GSE51215_GSM1240611,Y,NA
GSE51215_GSM1240612,Y,NA
GSE51215_GSM1240613,Y,NA
GSE51215_GSM1240614,Y,NA
GSE51215_GSM1240615,Y,NA
GSE51215_GSM1240616,Y,NA
GSE51215_GSM1240617,Y,NA
GSE51215_GSM1240618,Y,NA
GSE51215_GSM1240619,Y,NA
GSE51215_GSM1240620,Y,NA
GSE51692_GSM1250599,Y,NA
GSE51692_GSM1250600,Y,NA
GSE51692_GSM1250601,Y,NA
GSE51692_GSM1250602,Y,NA
GSE51692_GSM1250603,Y,NA
GSE51692_GSM1250604,Y,NA
GSE51692_GSM1250605,Y,NA
GSE51692_GSM1250606,Y,NA
GSE518_GSM7754,N,Corrupt/Missing CEL
GSE518_GSM7755,N,Corrupt/Missing CEL
GSE518_GSM7756,N,Corrupt/Missing CEL
GSE518_GSM7757,N,Corrupt/Missing CEL
GSE52117_GSM1259915,Y,NA
GSE52117_GSM1259916,Y,NA
GSE52117_GSM1259917,Y,NA
GSE52117_GSM1259918,Y,NA
GSE52117_GSM1259919,Y,NA
GSE52117_GSM1259920,N,Automatic QC Rejection
GSE52117_GSM1259921,Y,NA
GSE52117_GSM1259922,Y,NA
GSE52117_GSM1259923,Y,NA
GSE52117_GSM1259924,Y,NA
GSE52117_GSM1259925,Y,NA
GSE52117_GSM1259926,Y,NA
GSE52117_GSM1259927,Y,NA
GSE52117_GSM1259928,Y,NA
GSE52117_GSM1259929,Y,NA
GSE52117_GSM1259930,Y,NA
GSE52117_GSM1259931,Y,NA
GSE52117_GSM1259932,Y,NA
GSE52117_GSM1259933,Y,NA
GSE52117_GSM1259934,Y,NA
GSE52117_GSM1259935,Y,NA
GSE52117_GSM1259936,Y,NA
GSE52117_GSM1259937,Y,NA
GSE52117_GSM1259938,Y,NA
GSE52117_GSM1259939,Y,NA
GSE52117_GSM1259940,Y,NA
GSE52117_GSM1259941,Y,NA
GSE52117_GSM1259942,Y,NA
GSE52117_GSM1259943,Y,NA
GSE52117_GSM1259944,N,Automatic QC Rejection
GSE52117_GSM1259945,Y,NA
GSE52117_GSM1259946,Y,NA
GSE52117_GSM1259947,Y,NA
GSE52117_GSM1259948,Y,NA
GSE52117_GSM1259949,Y,NA
GSE52117_GSM1259950,Y,NA
GSE52117_GSM1259951,Y,NA
GSE52117_GSM1259952,Y,NA
GSE52117_GSM1259953,Y,NA
GSE52117_GSM1259954,Y,NA
GSE52117_GSM1259955,Y,NA
GSE52117_GSM1259956,Y,NA
GSE52117_GSM1259957,Y,NA
GSE52117_GSM1259958,Y,NA
GSE52117_GSM1259959,Y,NA
GSE52117_GSM1259960,Y,NA
GSE52117_GSM1259961,Y,NA
GSE52117_GSM1259962,Y,NA
GSE53438_GSM1293550,Y,NA
GSE53438_GSM1293551,Y,NA
GSE53438_GSM1293552,Y,NA
GSE53438_GSM1293553,Y,NA
GSE53438_GSM1293554,Y,NA
GSE53438_GSM1293555,Y,NA
GSE53438_GSM1293556,Y,NA
GSE53438_GSM1293557,Y,NA
GSE53580_GSM1296372,Y,NA
GSE53580_GSM1296373,Y,NA
GSE53580_GSM1296374,Y,NA
GSE53580_GSM1296375,Y,NA
GSE53580_GSM1296376,Y,NA
GSE53580_GSM1296377,Y,NA
GSE53580_GSM1296378,Y,NA
GSE53580_GSM1296379,Y,NA
GSE53580_GSM1296380,Y,NA
GSE53580_GSM1296381,Y,NA
GSE53580_GSM1296382,Y,NA
GSE53580_GSM1296383,Y,NA
GSE53839_GSM1293550,N,Duplicate Sample
GSE53839_GSM1293551,N,Duplicate Sample
GSE53839_GSM1301869,Y,NA
GSE53839_GSM1301870,Y,NA
GSE538_GSM8475,N,Corrupt/Missing CEL
GSE538_GSM8476,N,Corrupt/Missing CEL
GSE538_GSM8477,N,Corrupt/Missing CEL
GSE538_GSM8478,N,Corrupt/Missing CEL
GSE5431_GSM124351,N,Corrupt/Missing CEL
GSE5431_GSM124453,N,Corrupt/Missing CEL
GSE5431_GSM124460,N,Corrupt/Missing CEL
GSE5431_GSM124461,N,Corrupt/Missing CEL
GSE54607_GSM1319891,Y,NA
GSE54607_GSM1319892,Y,NA
GSE54607_GSM1319893,Y,NA
GSE54607_GSM1319894,Y,NA
GSE54607_GSM1319895,Y,NA
GSE54607_GSM1319896,Y,NA
GSE5522_GSM128692,Y,NA
GSE5522_GSM128694,Y,NA
GSE5522_GSM128696,Y,NA
GSE5522_GSM128698,Y,NA
GSE5522_GSM128700,Y,NA
GSE5522_GSM128702,Y,NA
GSE5524_GSM128712,Y,NA
GSE5524_GSM128713,Y,NA
GSE5524_GSM128714,Y,NA
GSE5533_GSM128785,N,Manual Rejection
GSE5533_GSM128786,Y,NA
GSE5533_GSM128787,N,Manual Rejection
GSE5533_GSM128788,Y,NA
GSE55906_GSM1348238,Y,NA
GSE55906_GSM1348239,Y,NA
GSE55906_GSM1348240,Y,NA
GSE55906_GSM1348241,Y,NA
GSE55906_GSM1348242,Y,NA
GSE55906_GSM1348243,Y,NA
GSE55906_GSM1348244,Y,NA
GSE55906_GSM1348245,Y,NA
GSE55906_GSM1348246,Y,NA
GSE55906_GSM1348247,Y,NA
GSE55906_GSM1348248,Y,NA
GSE55906_GSM1348249,Y,NA
GSE55906_GSM1348250,Y,NA
GSE55906_GSM1348251,Y,NA
GSE55906_GSM1348252,Y,NA
GSE55906_GSM1348253,Y,NA
GSE55906_GSM1348254,Y,NA
GSE55906_GSM1348255,Y,NA
GSE55906_GSM1348256,Y,NA
GSE55906_GSM1348257,Y,NA
GSE55906_GSM1348258,Y,NA
GSE55906_GSM1348259,Y,NA
GSE55906_GSM1348260,Y,NA
GSE55906_GSM1348261,Y,NA
GSE55906_GSM1348262,Y,NA
GSE55906_GSM1348263,Y,NA
GSE55906_GSM1348264,Y,NA
GSE55906_GSM1348265,Y,NA
GSE55907_GSM1348266,Y,Manual Acceptance
GSE55907_GSM1348267,Y,Manual Acceptance
GSE55907_GSM1348268,Y,Manual Acceptance
GSE55907_GSM1348269,Y,Manual Acceptance
GSE55907_GSM1348270,Y,NA
GSE55907_GSM1348271,Y,NA
GSE55907_GSM1348272,Y,NA
GSE55907_GSM1348273,Y,NA
GSE55907_GSM1348274,Y,NA
GSE55907_GSM1348275,Y,NA
GSE55907_GSM1348276,Y,Manual Acceptance
GSE55907_GSM1348277,Y,Manual Acceptance
GSE55907_GSM1348278,Y,NA
GSE55907_GSM1348279,Y,NA
GSE55907_GSM1348280,Y,NA
GSE55907_GSM1348281,Y,NA
GSE55907_GSM1348282,Y,NA
GSE55907_GSM1348283,Y,NA
GSE55907_GSM1348284,Y,NA
GSE55907_GSM1348285,Y,NA
GSE55907_GSM1348286,Y,NA
GSE55907_GSM1348287,Y,NA
GSE55907_GSM1348288,Y,NA
GSE55907_GSM1348289,Y,NA
GSE55907_GSM1348290,Y,NA
GSE55907_GSM1348291,Y,NA
GSE55907_GSM1348292,Y,NA
GSE55907_GSM1348293,Y,NA
GSE5620_GSM131223,Y,NA
GSE5620_GSM131224,Y,NA
GSE5620_GSM131227,Y,NA
GSE5620_GSM131228,Y,NA
GSE5620_GSM131231,Y,NA
GSE5620_GSM131232,Y,NA
GSE5620_GSM131235,Y,NA
GSE5620_GSM131236,Y,NA
GSE5620_GSM131239,Y,NA
GSE5620_GSM131240,Y,NA
GSE5620_GSM131243,Y,NA
GSE5620_GSM131244,N,Manual Rejection
GSE5620_GSM131247,Y,NA
GSE5620_GSM131248,Y,NA
GSE5620_GSM131251,Y,NA
GSE5620_GSM131252,Y,NA
GSE5620_GSM131255,Y,NA
GSE5620_GSM131256,Y,NA
GSE5621_GSM131259,Y,NA
GSE5621_GSM131260,Y,NA
GSE5621_GSM131263,N,Automatic QC Rejection
GSE5621_GSM131264,Y,NA
GSE5621_GSM131267,Y,NA
GSE5621_GSM131268,Y,NA
GSE5621_GSM131271,Y,NA
GSE5621_GSM131272,Y,NA
GSE5621_GSM131275,Y,NA
GSE5621_GSM131276,Y,NA
GSE5621_GSM131279,Y,NA
GSE5621_GSM131280,Y,NA
GSE5622_GSM131283,Y,NA
GSE5622_GSM131284,Y,NA
GSE5622_GSM131287,Y,NA
GSE5622_GSM131288,Y,NA
GSE5622_GSM131291,Y,NA
GSE5622_GSM131292,Y,NA
GSE5622_GSM131295,Y,NA
GSE5622_GSM131296,Y,NA
GSE5622_GSM131299,Y,NA
GSE5622_GSM131300,Y,NA
GSE5622_GSM131303,Y,NA
GSE5622_GSM131304,Y,NA
GSE5623_GSM131307,Y,NA
GSE5623_GSM131308,Y,NA
GSE5623_GSM131311,Y,NA
GSE5623_GSM131312,Y,NA
GSE5623_GSM131315,Y,NA
GSE5623_GSM131316,Y,NA
GSE5623_GSM131319,Y,NA
GSE5623_GSM131320,Y,NA
GSE5623_GSM131323,Y,NA
GSE5623_GSM131324,Y,NA
GSE5623_GSM131327,Y,NA
GSE5623_GSM131328,Y,NA
GSE5624_GSM131331,Y,NA
GSE5624_GSM131332,Y,NA
GSE5624_GSM131335,Y,NA
GSE5624_GSM131336,Y,NA
GSE5624_GSM131339,Y,NA
GSE5624_GSM131340,Y,NA
GSE5624_GSM131343,Y,NA
GSE5624_GSM131344,Y,NA
GSE5624_GSM131347,Y,NA
GSE5624_GSM131348,Y,NA
GSE5624_GSM131351,Y,NA
GSE5624_GSM131352,Y,NA
GSE5624_GSM131355,Y,NA
GSE5624_GSM131356,Y,NA
GSE5625_GSM131359,Y,NA
GSE5625_GSM131360,Y,NA
GSE5625_GSM131363,Y,NA
GSE5625_GSM131364,Y,NA
GSE5625_GSM131367,Y,NA
GSE5625_GSM131368,Y,NA
GSE5625_GSM131371,Y,NA
GSE5625_GSM131372,Y,NA
GSE5625_GSM131375,Y,NA
GSE5625_GSM131376,Y,NA
GSE5625_GSM131379,Y,NA
GSE5625_GSM131380,Y,NA
GSE5626_GSM131383,Y,NA
GSE5626_GSM131384,Y,NA
GSE5626_GSM131387,Y,NA
GSE5626_GSM131388,Y,NA
GSE5626_GSM131391,Y,NA
GSE5626_GSM131392,Y,NA
GSE5626_GSM131395,Y,NA
GSE5626_GSM131396,Y,NA
GSE5626_GSM131399,Y,NA
GSE5626_GSM131400,Y,NA
GSE5626_GSM131403,Y,NA
GSE5626_GSM131404,Y,NA
GSE5626_GSM131407,Y,NA
GSE5626_GSM131408,Y,NA
GSE5627_GSM131411,Y,NA
GSE5627_GSM131412,Y,NA
GSE5627_GSM131415,Y,NA
GSE5627_GSM131416,Y,NA
GSE5627_GSM131419,Y,NA
GSE5627_GSM131420,Y,NA
GSE5627_GSM131423,Y,NA
GSE5627_GSM131424,Y,NA
GSE5627_GSM131427,Y,NA
GSE5627_GSM131428,Y,NA
GSE5627_GSM131431,Y,NA
GSE5627_GSM131432,Y,NA
GSE5627_GSM131435,Y,NA
GSE5627_GSM131436,Y,NA
GSE5628_GSM131439,Y,NA
GSE5628_GSM131440,Y,NA
GSE5628_GSM131443,Y,NA
GSE5628_GSM131444,Y,NA
GSE5628_GSM131447,Y,NA
GSE5628_GSM131448,Y,NA
GSE5628_GSM131451,Y,NA
GSE5628_GSM131452,Y,NA
GSE5628_GSM131455,Y,NA
GSE5628_GSM131456,Y,NA
GSE5628_GSM131459,Y,NA
GSE5628_GSM131460,Y,NA
GSE5628_GSM131463,Y,NA
GSE5628_GSM131464,Y,NA
GSE5628_GSM131467,Y,NA
GSE5628_GSM131468,Y,NA
GSE5633_GSM131649,Y,NA
GSE5633_GSM131650,Y,NA
GSE5633_GSM131651,Y,NA
GSE5633_GSM131652,Y,NA
GSE5633_GSM131653,Y,NA
GSE5633_GSM131654,Y,NA
GSE5633_GSM131655,Y,NA
GSE5633_GSM131656,Y,NA
GSE5633_GSM131657,Y,NA
GSE5633_GSM131658,Y,NA
GSE5633_GSM131659,Y,NA
GSE5633_GSM131660,Y,NA
GSE56659_GSM1366461,Y,NA
GSE56659_GSM1366462,Y,NA
GSE56659_GSM1366463,Y,NA
GSE56659_GSM1366464,Y,NA
GSE56659_GSM1366465,Y,NA
GSE56659_GSM1366466,Y,NA
GSE56659_GSM1366467,Y,NA
GSE56659_GSM1366468,Y,NA
GSE56659_GSM1366469,Y,NA
GSE56659_GSM1366470,Y,NA
GSE5711_GSM133403,Y,NA
GSE5711_GSM133404,N,Automatic QC Rejection
GSE5711_GSM133405,Y,NA
GSE5711_GSM133406,Y,NA
GSE5711_GSM133407,Y,NA
GSE5711_GSM133408,Y,NA
GSE57286_GSM1378558,Y,NA
GSE57286_GSM1378559,Y,NA
GSE57286_GSM1378560,Y,NA
GSE57286_GSM1378561,Y,NA
GSE57286_GSM1378562,Y,NA
GSE57286_GSM1378563,Y,NA
GSE57286_GSM1378564,Y,NA
GSE57286_GSM1378565,Y,NA
GSE57286_GSM1378566,Y,NA
GSE57286_GSM1378567,Y,NA
GSE57286_GSM1378568,Y,NA
GSE57286_GSM1378569,Y,NA
GSE57286_GSM1378570,Y,NA
GSE57286_GSM1378571,Y,NA
GSE57286_GSM1378572,Y,NA
GSE57286_GSM1378573,Y,NA
GSE57286_GSM1378574,Y,NA
GSE57286_GSM1378575,Y,NA
GSE5739_GSM133858,Y,NA
GSE5739_GSM133859,Y,NA
GSE5739_GSM133860,Y,NA
GSE5739_GSM133861,Y,NA
GSE5739_GSM133862,Y,NA
GSE5739_GSM133863,Y,NA
GSE5739_GSM133864,Y,NA
GSE5739_GSM133865,Y,NA
GSE5745_GSM133896,Y,NA
GSE5745_GSM133897,Y,NA
GSE5745_GSM133898,Y,NA
GSE5745_GSM133899,N,Manual Rejection
GSE5745_GSM133900,Y,NA
GSE5745_GSM133901,Y,NA
GSE5745_GSM133902,Y,NA
GSE5745_GSM133903,Y,NA
GSE5745_GSM133904,Y,NA
GSE5745_GSM133905,Y,NA
GSE5745_GSM133906,Y,NA
GSE5745_GSM133907,Y,NA
GSE5746_GSM133909,Y,NA
GSE5746_GSM133910,Y,NA
GSE5746_GSM133911,Y,NA
GSE5746_GSM133912,Y,NA
GSE5746_GSM133913,Y,NA
GSE5746_GSM133914,Y,NA
GSE5746_GSM133915,Y,NA
GSE5746_GSM133916,Y,NA
GSE5746_GSM133917,N,Corrupt/Missing CEL
GSE5746_GSM133918,Y,NA
GSE5746_GSM133919,Y,NA
GSE5746_GSM133920,Y,NA
GSE5746_GSM133921,Y,NA
GSE5746_GSM133922,Y,NA
GSE5746_GSM133923,Y,NA
GSE5746_GSM133924,Y,NA
GSE5746_GSM133925,Y,NA
GSE5746_GSM133926,Y,NA
GSE5746_GSM133927,Y,NA
GSE5746_GSM133928,Y,NA
GSE5746_GSM133929,Y,NA
GSE5746_GSM133930,Y,NA
GSE5746_GSM133931,Y,NA
GSE5746_GSM133932,Y,NA
GSE5746_GSM133933,Y,NA
GSE5746_GSM133934,Y,NA
GSE5746_GSM133935,Y,NA
GSE5746_GSM133936,Y,NA
GSE5746_GSM133937,Y,NA
GSE5746_GSM133938,Y,NA
GSE5746_GSM133939,Y,NA
GSE5746_GSM133940,Y,NA
GSE5746_GSM133941,N,Corrupt/Missing CEL
GSE5746_GSM133942,Y,NA
GSE5746_GSM133943,Y,NA
GSE5746_GSM133944,Y,NA
GSE576_GSM8835,N,Corrupt/Missing CEL
GSE576_GSM8836,N,Corrupt/Missing CEL
GSE576_GSM8837,N,Corrupt/Missing CEL
GSE576_GSM8838,N,Corrupt/Missing CEL
GSE576_GSM8839,N,Corrupt/Missing CEL
GSE576_GSM8840,N,Corrupt/Missing CEL
GSE576_GSM8841,N,Corrupt/Missing CEL
GSE576_GSM8842,N,Corrupt/Missing CEL
GSE58370_GSM1409266,Y,NA
GSE58370_GSM1409267,Y,NA
GSE58370_GSM1409268,Y,NA
GSE58370_GSM1409269,Y,NA
GSE58370_GSM1409270,Y,NA
GSE58370_GSM1409271,Y,NA
GSE58370_GSM1409272,Y,NA
GSE58370_GSM1409273,Y,NA
GSE58370_GSM1409274,Y,NA
GSE58370_GSM1409275,Y,NA
GSE58370_GSM1409276,Y,NA
GSE58370_GSM1409277,Y,NA
GSE58370_GSM1409278,Y,NA
GSE58370_GSM1409279,Y,NA
GSE58370_GSM1409280,Y,NA
GSE58370_GSM1409281,Y,NA
GSE58370_GSM1409282,Y,NA
GSE58370_GSM1409283,Y,NA
GSE58370_GSM1409284,Y,NA
GSE58370_GSM1409285,Y,NA
GSE58370_GSM1409286,Y,NA
GSE58370_GSM1409287,Y,NA
GSE58370_GSM1409288,Y,NA
GSE58370_GSM1409289,Y,NA
GSE58370_GSM1409290,Y,NA
GSE58370_GSM1409291,Y,NA
GSE58370_GSM1409292,Y,NA
GSE58370_GSM1409293,Y,NA
GSE607_GSM9226,N,Corrupt/Missing CEL
GSE607_GSM9227,N,Corrupt/Missing CEL
GSE607_GSM9228,N,Corrupt/Missing CEL
GSE607_GSM9229,N,Corrupt/Missing CEL
GSE6151_GSM142623,Y,NA
GSE6151_GSM142624,Y,NA
GSE6151_GSM142625,Y,NA
GSE6151_GSM142626,Y,NA
GSE6151_GSM142627,Y,NA
GSE6151_GSM142628,Y,NA
GSE6151_GSM142629,Y,NA
GSE6151_GSM142630,Y,NA
GSE6151_GSM142631,Y,NA
GSE6151_GSM142632,Y,NA
GSE6151_GSM142633,Y,NA
GSE6151_GSM142634,Y,NA
GSE6151_GSM142635,Y,NA
GSE6151_GSM142636,Y,NA
GSE6151_GSM142637,Y,NA
GSE6151_GSM142638,Y,NA
GSE6151_GSM142639,Y,NA
GSE6151_GSM142640,Y,NA
GSE6151_GSM142641,Y,NA
GSE6151_GSM142642,Y,NA
GSE6151_GSM142643,Y,NA
GSE6151_GSM142644,Y,NA
GSE6151_GSM142645,Y,NA
GSE6151_GSM142646,Y,NA
GSE6151_GSM142647,Y,NA
GSE6151_GSM142648,Y,NA
GSE6151_GSM142649,Y,NA
GSE6151_GSM142650,Y,NA
GSE6151_GSM142651,Y,NA
GSE6151_GSM142652,Y,NA
GSE6151_GSM142653,Y,NA
GSE6151_GSM142654,Y,NA
GSE6151_GSM142655,Y,NA
GSE6151_GSM142656,Y,NA
GSE6151_GSM142657,Y,NA
GSE6151_GSM142658,Y,NA
GSE6153_GSM142661,Y,NA
GSE6153_GSM142662,Y,NA
GSE6160_GSM142703,Y,NA
GSE6160_GSM142704,Y,NA
GSE6160_GSM142705,Y,NA
GSE6160_GSM142706,Y,NA
GSE6160_GSM142709,Y,NA
GSE6160_GSM142710,Y,NA
GSE6160_GSM142711,Y,NA
GSE6160_GSM142712,N,Automatic QC Rejection
GSE6160_GSM142715,Y,NA
GSE6160_GSM142716,Y,NA
GSE6160_GSM142717,Y,NA
GSE6160_GSM142718,Y,NA
GSE6177_GSM142864,Y,NA
GSE6177_GSM142865,Y,NA
GSE6177_GSM142866,Y,NA
GSE6177_GSM142867,Y,NA
GSE6177_GSM142868,Y,NA
GSE6177_GSM142869,Y,NA
GSE6177_GSM142870,Y,NA
GSE6177_GSM142871,Y,NA
GSE6177_GSM142872,Y,NA
GSE6177_GSM142873,Y,NA
GSE6177_GSM142874,Y,NA
GSE6177_GSM142875,Y,NA
GSE6177_GSM142876,Y,NA
GSE6177_GSM142877,Y,NA
GSE6177_GSM142878,Y,NA
GSE6177_GSM142879,Y,NA
GSE6177_GSM142880,Y,NA
GSE6177_GSM142881,Y,NA
GSE62163_GSM1520718,N,Corrupt/Missing CEL
GSE62163_GSM1520719,N,Corrupt/Missing CEL
GSE62163_GSM1520720,N,Corrupt/Missing CEL
GSE62163_GSM1520721,N,Corrupt/Missing CEL
GSE62163_GSM1520722,N,Corrupt/Missing CEL
GSE62163_GSM1520723,N,Corrupt/Missing CEL
GSE62163_GSM1520724,N,Corrupt/Missing CEL
GSE62163_GSM1520725,N,Corrupt/Missing CEL
GSE62435_GSM1526966,Y,NA
GSE62435_GSM1526967,Y,NA
GSE62435_GSM1526968,Y,NA
GSE62435_GSM1526969,Y,NA
GSE62435_GSM1526970,Y,NA
GSE62435_GSM1526971,Y,NA
GSE62435_GSM1526972,Y,NA
GSE62435_GSM1526973,Y,NA
GSE62435_GSM1526974,Y,NA
GSE62435_GSM1526975,N,Manual Rejection
GSE62435_GSM1526976,Y,NA
GSE62435_GSM1526977,Y,NA
GSE62435_GSM1526978,Y,NA
GSE62435_GSM1526979,Y,NA
GSE62435_GSM1526980,Y,NA
GSE62435_GSM1526981,Y,NA
GSE62435_GSM1526982,Y,NA
GSE62435_GSM1526983,Y,NA
GSE62435_GSM1526984,Y,NA
GSE62435_GSM1526985,Y,NA
GSE62435_GSM1526986,Y,NA
GSE62435_GSM1526987,Y,NA
GSE62435_GSM1526988,Y,NA
GSE62435_GSM1526989,Y,NA
GSE63207_GSM1543863,Y,NA
GSE63207_GSM1543864,Y,NA
GSE63207_GSM1543865,Y,NA
GSE63207_GSM1543866,Y,NA
GSE63207_GSM1543867,Y,NA
GSE63207_GSM1543868,Y,NA
GSE63207_GSM1543869,Y,NA
GSE63207_GSM1543870,Y,NA
GSE63207_GSM1543871,Y,NA
GSE63207_GSM1543872,Y,NA
GSE64197_GSM1566248,Y,NA
GSE64197_GSM1566249,Y,NA
GSE64197_GSM1566250,Y,NA
GSE64197_GSM1566251,Y,NA
GSE64197_GSM1566252,Y,NA
GSE64197_GSM1566253,Y,NA
GSE64197_GSM1566254,Y,NA
GSE64197_GSM1566255,Y,NA
GSE64197_GSM1566256,Y,NA
GSE64197_GSM1566257,Y,NA
GSE64197_GSM1566258,Y,NA
GSE64197_GSM1566259,Y,NA
GSE680_GSM27362,Y,NA
GSE680_GSM27366,Y,NA
GSE6825_GSM157311,Y,NA
GSE6825_GSM157312,Y,NA
GSE6825_GSM157313,N,Corrupt/Missing CEL
GSE6825_GSM157317,Y,NA
GSE6825_GSM157318,Y,NA
GSE6825_GSM157319,Y,NA
GSE6825_GSM157320,N,Corrupt/Missing CEL
GSE6825_GSM157321,Y,NA
GSE6825_GSM157322,Y,NA
GSE68437_GSM1671719,Y,NA
GSE68437_GSM1671720,Y,NA
GSE68437_GSM1671721,Y,NA
GSE68437_GSM1671722,Y,NA
GSE68437_GSM1671723,Y,NA
GSE68437_GSM1671724,Y,NA
GSE68437_GSM1671725,Y,NA
GSE68437_GSM1671726,Y,NA
GSE73301_GSM1890501,Y,NA
GSE73301_GSM1890502,Y,NA
GSE77286_GSM2047299,Y,NA
GSE77286_GSM2047300,Y,NA
GSE77286_GSM2047301,Y,NA
GSE77286_GSM2047302,Y,NA
GSE77286_GSM2047303,Y,NA
GSE77286_GSM2047304,Y,NA
GSE77286_GSM2047305,Y,NA
GSE77286_GSM2047306,Y,NA
GSE77286_GSM2047307,Y,NA
GSE77286_GSM2047308,Y,NA
GSE77286_GSM2047309,Y,NA
GSE77286_GSM2047310,Y,NA
GSE77286_GSM2047311,Y,NA
GSE77286_GSM2047312,Y,NA
GSE77286_GSM2047313,Y,NA
GSE77286_GSM2047314,Y,NA
GSE77286_GSM2047315,Y,NA
GSE77286_GSM2047316,Y,NA
GSE78016_GSM2064572,Y,NA
GSE78016_GSM2064573,Y,NA
GSE78016_GSM2064574,Y,NA
GSE78016_GSM2064575,Y,NA
GSE78016_GSM2064576,Y,NA
GSE78016_GSM2064577,Y,NA
GSE78016_GSM2064578,Y,NA
GSE78016_GSM2064579,Y,NA
GSE87867_GSM2342082,N,Duplicate Sample
GSE87867_GSM2342083,N,Duplicate Sample
GSE87867_GSM2342084,N,Duplicate Sample
GSE87867_GSM2342085,N,Duplicate Sample
GSE87867_GSM2342086,N,Duplicate Sample
GSE87867_GSM2342087,N,Duplicate Sample
GSE87867_GSM2342088,N,Duplicate Sample
GSE87867_GSM2342089,N,Duplicate Sample
GSE87867_GSM2342090,N,Duplicate Sample
GSE87867_GSM2342091,Y,NA
GSE87867_GSM2342092,N,Automatic QC Rejection
GSE87867_GSM2342093,Y,NA
GSE87867_GSM2342094,Y,NA
GSE87867_GSM2342095,Y,NA
GSE87867_GSM2342096,Y,NA
GSE87867_GSM2342097,Y,NA
GSE87867_GSM2342098,Y,NA
GSE87867_GSM2342099,Y,NA
GSE87869_GSM2342082,N,Duplicate Sample
GSE87869_GSM2342083,N,Duplicate Sample
GSE87869_GSM2342084,N,Duplicate Sample
GSE87869_GSM2342085,N,Duplicate Sample
GSE87869_GSM2342086,N,Duplicate Sample
GSE87869_GSM2342087,N,Duplicate Sample
GSE87869_GSM2342088,N,Duplicate Sample
GSE87869_GSM2342089,N,Duplicate Sample
GSE87869_GSM2342090,N,Duplicate Sample
GSE87869_GSM2342091,N,Duplicate Sample
GSE87869_GSM2342092,N,Duplicate Sample
GSE87869_GSM2342093,N,Duplicate Sample
GSE87869_GSM2342094,N,Duplicate Sample
GSE87869_GSM2342095,N,Duplicate Sample
GSE87869_GSM2342096,N,Duplicate Sample
GSE87869_GSM2342097,N,Duplicate Sample
GSE87869_GSM2342098,N,Duplicate Sample
GSE87869_GSM2342099,N,Duplicate Sample
GSE87903_GSM2342082,Y,NA
GSE87903_GSM2342083,Y,NA
GSE87903_GSM2342084,N,Manual Rejection
GSE87903_GSM2342085,Y,NA
GSE87903_GSM2342086,Y,NA
GSE87903_GSM2342087,Y,NA
GSE87903_GSM2342088,Y,NA
GSE87903_GSM2342089,Y,NA
GSE87903_GSM2342090,Y,NA
GSE87903_GSM2342810,Y,NA
GSE87903_GSM2342811,N,Manual Rejection
GSE87903_GSM2342812,Y,NA
GSE87903_GSM2342813,Y,NA
GSE87903_GSM2342814,Y,NA
GSE87903_GSM2342815,Y,NA
GSE87904_GSM2342852,Y,NA
GSE87904_GSM2342853,Y,NA
GSE87904_GSM2342854,Y,NA
GSE87904_GSM2342855,Y,NA
GSE87904_GSM2342856,Y,NA
GSE87904_GSM2342857,Y,NA
GSE87904_GSM2342858,Y,NA
GSE87904_GSM2342859,Y,NA
GSE87904_GSM2342860,Y,NA
GSE87904_GSM2342861,Y,NA
GSE87904_GSM2342862,Y,NA
GSE87904_GSM2342863,Y,NA
GSE87904_GSM2342864,Y,NA
GSE87904_GSM2342865,Y,NA
GSE87904_GSM2342866,Y,NA
GSE87904_GSM2342867,Y,NA
GSE87904_GSM2342868,Y,NA
GSE87904_GSM2342869,Y,NA
GSE87904_GSM2342870,Y,NA
GSE87904_GSM2342871,Y,NA
GSE87904_GSM2342872,Y,NA
GSE87904_GSM2342873,Y,NA
GSE87904_GSM2342874,Y,NA
GSE87904_GSM2342875,Y,NA
GSE87904_GSM2342876,Y,NA
GSE87904_GSM2342877,Y,Manual Acceptance
GSE87904_GSM2342878,Y,NA
GSE87904_GSM2342879,Y,NA
GSE87904_GSM2342880,Y,NA
GSE87904_GSM2342881,Y,NA
GSE87904_GSM2342882,Y,NA
GSE87904_GSM2342883,Y,NA
GSE87904_GSM2342884,Y,NA
GSE87904_GSM2342885,Y,NA
GSE87904_GSM2342886,Y,NA
GSE87904_GSM2342887,Y,NA
GSE87905_GSM2342082,N,Duplicate Sample
GSE87905_GSM2342083,N,Duplicate Sample
GSE87905_GSM2342084,N,Duplicate Sample
GSE87905_GSM2342085,N,Duplicate Sample
GSE87905_GSM2342086,N,Duplicate Sample
GSE87905_GSM2342087,N,Duplicate Sample
GSE87905_GSM2342088,N,Duplicate Sample
GSE87905_GSM2342089,N,Duplicate Sample
GSE87905_GSM2342090,N,Duplicate Sample
GSE87905_GSM2342810,N,Duplicate Sample
GSE87905_GSM2342811,N,Duplicate Sample
GSE87905_GSM2342812,N,Duplicate Sample
GSE87905_GSM2342813,N,Duplicate Sample
GSE87905_GSM2342814,N,Duplicate Sample
GSE87905_GSM2342815,N,Duplicate Sample
GSE87905_GSM2342852,N,Duplicate Sample
GSE87905_GSM2342853,N,Duplicate Sample
GSE87905_GSM2342854,N,Duplicate Sample
GSE87905_GSM2342855,N,Duplicate Sample
GSE87905_GSM2342856,N,Duplicate Sample
GSE87905_GSM2342857,N,Duplicate Sample
GSE87905_GSM2342858,N,Duplicate Sample
GSE87905_GSM2342859,N,Duplicate Sample
GSE87905_GSM2342860,N,Duplicate Sample
GSE87905_GSM2342861,N,Duplicate Sample
GSE87905_GSM2342862,N,Duplicate Sample
GSE87905_GSM2342863,N,Duplicate Sample
GSE87905_GSM2342864,N,Duplicate Sample
GSE87905_GSM2342865,N,Duplicate Sample
GSE87905_GSM2342866,N,Duplicate Sample
GSE87905_GSM2342867,N,Duplicate Sample
GSE87905_GSM2342868,N,Duplicate Sample
GSE87905_GSM2342869,N,Duplicate Sample
GSE87905_GSM2342870,N,Duplicate Sample
GSE87905_GSM2342871,N,Duplicate Sample
GSE87905_GSM2342872,N,Duplicate Sample
GSE87905_GSM2342873,N,Duplicate Sample
GSE87905_GSM2342874,N,Duplicate Sample
GSE87905_GSM2342875,N,Duplicate Sample
GSE87905_GSM2342876,N,Duplicate Sample
GSE87905_GSM2342877,N,Duplicate Sample
GSE87905_GSM2342878,N,Duplicate Sample
GSE87905_GSM2342879,N,Duplicate Sample
GSE87905_GSM2342880,N,Duplicate Sample
GSE87905_GSM2342881,N,Duplicate Sample
GSE87905_GSM2342882,N,Duplicate Sample
GSE87905_GSM2342883,N,Duplicate Sample
GSE87905_GSM2342884,N,Duplicate Sample
GSE87905_GSM2342885,N,Duplicate Sample
GSE87905_GSM2342886,N,Duplicate Sample
GSE87905_GSM2342887,N,Duplicate Sample
GSE92716_GSM2436239,Y,NA
GSE92716_GSM2436240,Y,NA
GSE92716_GSM2436241,Y,NA
GSE92716_GSM2436245,Y,NA
GSE92716_GSM2436246,Y,NA
GSE92716_GSM2436247,Y,NA
GSE92716_GSM2436251,Y,NA
GSE92716_GSM2436252,Y,NA
GSE92716_GSM2436253,Y,NA
GSE9402_GSM239236,Y,NA
GSE9402_GSM239239,Y,NA
GSE9402_GSM239241,Y,NA
GSE9402_GSM239245,Y,NA
GSE99528_GSM2645483,Y,NA
GSE99528_GSM2645484,Y,NA
GSE99528_GSM2645485,Y,NA
GSE99528_GSM2645486,Y,NA
